<?xml version="1.0" encoding="UTF-8"?><?xml-stylesheet type='text/xsl' href='_UpgradeReport_Files/UpgradeReport.xslt'?><UpgradeLog>
<Properties><Property Name="Solution" Value="AbstractFactory">
</Property><Property Name="Solution File" Value="D:\Sus\AbstractFactory\AbstractFactory\AbstractFactory.sln">
</Property><Property Name="User Options File" Value="D:\Sus\AbstractFactory\AbstractFactory\AbstractFactory.suo">
</Property><Property Name="Date" Value="18 August 2013">
</Property><Property Name="Time" Value="PM 19:57">
</Property></Properties><Event ErrorLevel="0" Project="" Source="AbstractFactory.sln" Description="File successfully backed up as D:\Sus\AbstractFactory\AbstractFactory\Backup\AbstractFactory.sln">
</Event><Event ErrorLevel="0" Project="" Source="AbstractFactory.suo" Description="File successfully backed up as D:\Sus\AbstractFactory\AbstractFactory\Backup\AbstractFactory.suo">
</Event><Event ErrorLevel="0" Project="AbstractFactory" Source="AbstractFactory\AbstractFactory.csproj" Description="Project file successfully backed up as D:\Sus\AbstractFactory\AbstractFactory\Backup\AbstractFactory\AbstractFactory.csproj">
</Event><Event ErrorLevel="0" Project="AbstractFactory" Source="AbstractFactory\Form1.cs" Description="File successfully backed up as D:\Sus\AbstractFactory\AbstractFactory\Backup\AbstractFactory\Form1.cs">
</Event><Event ErrorLevel="0" Project="AbstractFactory" Source="AbstractFactory\Form1.Designer.cs" Description="File successfully backed up as D:\Sus\AbstractFactory\AbstractFactory\Backup\AbstractFactory\Form1.Designer.cs">
</Event><Event ErrorLevel="0" Project="AbstractFactory" Source="AbstractFactory\Program.cs" Description="File successfully backed up as D:\Sus\AbstractFactory\AbstractFactory\Backup\AbstractFactory\Program.cs">
</Event><Event ErrorLevel="0" Project="AbstractFactory" Source="AbstractFactory\Properties\AssemblyInfo.cs" Description="File successfully backed up as D:\Sus\AbstractFactory\AbstractFactory\Backup\AbstractFactory\Properties\AssemblyInfo.cs">
</Event><Event ErrorLevel="0" Project="AbstractFactory" Source="AbstractFactory\Properties\Resources.Designer.cs" Description="File successfully backed up as D:\Sus\AbstractFactory\AbstractFactory\Backup\AbstractFactory\Properties\Resources.Designer.cs">
</Event><Event ErrorLevel="0" Project="AbstractFactory" Source="AbstractFactory\Properties\Settings.Designer.cs" Description="File successfully backed up as D:\Sus\AbstractFactory\AbstractFactory\Backup\AbstractFactory\Properties\Settings.Designer.cs">
</Event><Event ErrorLevel="0" Project="AbstractFactory" Source="AbstractFactory\Properties\Settings.settings" Description="File successfully backed up as D:\Sus\AbstractFactory\AbstractFactory\Backup\AbstractFactory\Properties\Settings.settings">
</Event><Event ErrorLevel="0" Project="AbstractFactory" Source="AbstractFactory\Properties\Resources.resx" Description="File successfully backed up as D:\Sus\AbstractFactory\AbstractFactory\Backup\AbstractFactory\Properties\Resources.resx">
</Event><Event ErrorLevel="0" Project="AbstractFactory" Source="AbstractFactory\AbstractFactory.csproj" Description="Project converted successfully">
</Event><Event ErrorLevel="3" Project="AbstractFactory" Source="AbstractFactory\AbstractFactory.csproj" Description="Converted">
</Event><Event ErrorLevel="0" Project="AbstractFactoryClass" Source="AbstractFactoryClass\AbstractFactoryClass.csproj" Description="Project file successfully backed up as D:\Sus\AbstractFactory\AbstractFactory\Backup\AbstractFactoryClass\AbstractFactoryClass.csproj">
</Event><Event ErrorLevel="0" Project="AbstractFactoryClass" Source="AbstractFactoryClass\Computer.cs" Description="File successfully backed up as D:\Sus\AbstractFactory\AbstractFactory\Backup\AbstractFactoryClass\Computer.cs">
</Event><Event ErrorLevel="0" Project="AbstractFactoryClass" Source="AbstractFactoryClass\Dell.cs" Description="File successfully backed up as D:\Sus\AbstractFactory\AbstractFactory\Backup\AbstractFactoryClass\Dell.cs">
</Event><Event ErrorLevel="0" Project="AbstractFactoryClass" Source="AbstractFactoryClass\DellComputer.cs" Description="File successfully backed up as D:\Sus\AbstractFactory\AbstractFactory\Backup\AbstractFactoryClass\DellComputer.cs">
</Event><Event ErrorLevel="0" Project="AbstractFactoryClass" Source="AbstractFactoryClass\DellMonitor.cs" Description="File successfully backed up as D:\Sus\AbstractFactory\AbstractFactory\Backup\AbstractFactoryClass\DellMonitor.cs">
</Event><Event ErrorLevel="0" Project="AbstractFactoryClass" Source="AbstractFactoryClass\Monitor.cs" Description="File successfully backed up as D:\Sus\AbstractFactory\AbstractFactory\Backup\AbstractFactoryClass\Monitor.cs">
</Event><Event ErrorLevel="0" Project="AbstractFactoryClass" Source="AbstractFactoryClass\PCManufacturer.cs" Description="File successfully backed up as D:\Sus\AbstractFactory\AbstractFactory\Backup\AbstractFactoryClass\PCManufacturer.cs">
</Event><Event ErrorLevel="0" Project="AbstractFactoryClass" Source="AbstractFactoryClass\Properties\AssemblyInfo.cs" Description="File successfully backed up as D:\Sus\AbstractFactory\AbstractFactory\Backup\AbstractFactoryClass\Properties\AssemblyInfo.cs">
</Event><Event ErrorLevel="0" Project="AbstractFactoryClass" Source="AbstractFactoryClass\AbstractFactoryClass.csproj" Description="Project converted successfully">
</Event><Event ErrorLevel="3" Project="AbstractFactoryClass" Source="AbstractFactoryClass\AbstractFactoryClass.csproj" Description="Converted">
</Event><Event ErrorLevel="0" Project="" Source="AbstractFactory.sln" Description="Solution converted successfully">
</Event><Event ErrorLevel="3" Project="" Source="AbstractFactory.sln" Description="Converted">
</Event><Event ErrorLevel="0" Project="AbstractFactory" Source="AbstractFactory\AbstractFactory.csproj" Description="Scan complete: Upgrade not required for project files.">
</Event><Event ErrorLevel="0" Project="AbstractFactoryClass" Source="AbstractFactoryClass\AbstractFactoryClass.csproj" Description="Scan complete: Upgrade not required for project files.">
</Event></UpgradeLog>